date,city,loc_name,street,postal_code,latitude,longitude,category,name_event,start_time,end_time,description_short,link_event,link_image,website
15/02/2022,Mannheim,Museum Zeughaus,C5,68159,49.487976,8.46131,Freizeit,Museum Zeughaus,10:00,undefiniert,"
Nach erfolgreicher Tour in den USA kommt die Sensationsausstellung endlich wieder nach Deutschland zurück. Der original- und maßstabsgetreue Nachbau der Grabkammern des Tutanchamun macht den Moment der Entdeckung hautnah erlebb...
",https://www.eventfinder.de/veranstaltung/1517440/tutanchamun-mannheim,https://www.eventfinder.de/bilder/to_images/tutanchamun-tickets-2021.jpg,Eventfinder
15/02/2022,Heidelberg,DAI Heidelberg,Sofienstr. 12,69115,49.407784,8.693927,Vortrag,DAI Heidelberg,20:00,undefiniert,Es gibt leider keine Kurzbeschreibung,https://www.eventfinder.de/veranstaltung/2007666/helmut-fink-heidelberg,https://image.shutterstock.com/image-photo/concept-image-business-acronym-eod-260nw-332349266.jpg,Eventfinder
15/02/2022,Worms,Städt. Spiel- und Festhaus,Rathenaustraße 11,67547,49.631702,8.356223,Konzert,Städt. Spiel- und Festhaus,20:00,undefiniert,"
Für The Spirit of Freddie Mercury konnte eine der führende Queen-Tribute-Bands der Welt verpflichtet werden. Mit einzigartiger Authentizität schlüpfen die perfekt eingespielten Musiker in die Rollen von Mercury und seinen Bandk...
",https://www.eventfinder.de/veranstaltung/1741211/the-spirit-of-freddie-mercury-feat-queen-real-tribute-worms,https://www.eventfinder.de/bilder/to_images/the-spirit-of-freddie-mercury-tickets-2021.jpg,Eventfinder
15/02/2022,Heidelberg,Alte Aula der Universität Heidelberg,Grabengasse 1,69117,49.411301,8.706222,Sonstige,Alte Aula der Universität Heidelberg,19:30,undefiniert,Es gibt leider keine Kurzbeschreibung,https://www.eventfinder.de/veranstaltung/1988334/oberon-trio-heidelberg,https://image.shutterstock.com/image-photo/concept-image-business-acronym-eod-260nw-332349266.jpg,Eventfinder
15/02/2022,Heidelberg,Alter Saal,Theaterstr. 10,69117,49.410515,8.703363,Theater,Alter Saal,11:00,undefiniert,"
Zu dieser Veranstaltung ist leider keine Beschreibung vorhanden :(
",https://www.eventfinder.de/veranstaltung/2011069/orpheus-ohne-angst-heidelberg,https://www.eventfinder.de/bilder/to_images/theater-heidelberg-logo-tickets-2020.jpg,Eventfinder
16/02/2022,Weinheim,Stadthalle Weinheim,Birkenauer Talstraße 1,69469,49.555302,8.670607,Unterhaltungsshow,Stadthalle Weinheim,20:00,undefiniert,"
Danceperados of Ireland An authentic show of Irish music, song and dance Whiskey you are the devil Tour Die Begeisterung für den Stepptanz ist im Namen dieser neuen irischen Tanzshow festgeschrieben. Frei übersetzt heißt sie ...
",https://www.eventfinder.de/veranstaltung/1982253/danceperados-of-ireland-weinheim,https://www.eventfinder.de/bilder/to_images/danceperados-of-ireland---whiskey-you-are-the-devil--tickets_36120_331497_222x222.jpg,Eventfinder
16/02/2022,Mannheim,Klapsmühl' am Rathaus,"D 6, 3",68159,49.489292,8.46731,Unterhaltungsshow,Klapsmühl' am Rathaus,20:00,undefiniert,Es gibt leider keine Kurzbeschreibung,https://www.eventfinder.de/veranstaltung/1709075/drama-light-impro-show-mannheim,https://image.shutterstock.com/image-photo/concept-image-business-acronym-eod-260nw-332349266.jpg,Eventfinder
16/02/2022,Heidelberg,Providenzkirche Heidelberg,Hauptstraße 90a,69117,49.373363,8.747287,Konzert,Providenzkirche Heidelberg,19:30,undefiniert,Es gibt leider keine Kurzbeschreibung,https://www.eventfinder.de/veranstaltung/1711212/die-himmlische-nacht-der-tenoere-heidelberg,https://image.shutterstock.com/image-photo/concept-image-business-acronym-eod-260nw-332349266.jpg,Eventfinder
16/02/2022,Heidelberg,Alter Saal,Theaterstr. 10,69117,49.410515,8.703363,Theater,Alter Saal,11:00,undefiniert,"
Zu dieser Veranstaltung ist leider keine Beschreibung vorhanden :(
",https://www.eventfinder.de/veranstaltung/2011070/orpheus-ohne-angst-heidelberg,https://www.eventfinder.de/bilder/to_images/theater-heidelberg-logo-tickets-2020.jpg,Eventfinder
16/02/2022,Viernheim,Rhein-Neckar Zentrum,Bürgermeister-Neff-Straße 14,68519,49.526531,8.56854,Freizeit,Rhein-Neckar Zentrum,10:00,undefiniert,"
Die eindrucksvolle und imposante Ausstellung über die Terrakotta-Armee des großen Kaisers Qin Shi Huang Di mit den originalgetreuen Repliken der legendären Soldaten vermittelt den Besuchern spannende und emotionale Eindrücke au...
",https://www.eventfinder.de/veranstaltung/1962310/die-terrakottaarmee-amp-das-vermaechtnis-des-ewigen-kaisers-viernheim,https://www.eventfinder.de/bilder/to_images/das-vermaechtnis-des-ewigen-kaisers-tickets-2020-222x222.jpg,Eventfinder
16/02/2022,Mannheim,Museum Zeughaus,C5,68159,49.487976,8.46131,Freizeit,Museum Zeughaus,10:00,undefiniert,"
Nach erfolgreicher Tour in den USA kommt die Sensationsausstellung endlich wieder nach Deutschland zurück. Der original- und maßstabsgetreue Nachbau der Grabkammern des Tutanchamun macht den Moment der Entdeckung hautnah erlebb...
",https://www.eventfinder.de/veranstaltung/1517462/tutanchamun-mannheim,https://www.eventfinder.de/bilder/to_images/tutanchamun-tickets-2021.jpg,Eventfinder
17/02/2022,Heidelberg,DAI Heidelberg,Sofienstr. 12,69115,49.407784,8.693927,Vortrag,DAI Heidelberg,20:00,undefiniert,Es gibt leider keine Kurzbeschreibung,https://www.eventfinder.de/veranstaltung/2014858/jens-kersten-heidelberg,https://image.shutterstock.com/image-photo/concept-image-business-acronym-eod-260nw-332349266.jpg,Eventfinder
17/02/2022,Heidelberg,Zwinger 1,Zwingerstraße 3-5,69117,49.410664,8.709245,Theater,Zwinger 1,20:00,undefiniert,"
Zu dieser Veranstaltung ist leider keine Beschreibung vorhanden :(
",https://www.eventfinder.de/veranstaltung/2010131/draussen-vor-der-tuer-heidelberg,https://www.eventfinder.de/bilder/to_images/theater-heidelberg-logo-tickets-2020.jpg,Eventfinder
17/02/2022,Weinheim,Cafe Central Weinheim,Bahnhofstraße 19,69469,49.551468,8.668025,Lesung,Cafe Central Weinheim,20:00,undefiniert,"
Ist die Tugendhaftigkeit des sinkenden Testosteronspiegels das natürliche Ende aller Laster? Oder geht es danach noch irgendwie weiter mit dem Spaß – am Leben, am Reisen, am Rauchen? Ist die Lebenserfahrung eines Siebzigjährige...
",https://www.eventfinder.de/veranstaltung/1979641/helge-timmerberg-liest-weinheim,https://www.eventfinder.de/bilder/to_images/kulturzentrum-pumpwerk-tickets_92452_862678_222x222.jpg,Eventfinder
17/02/2022,Mannheim,Klapsmühl' am Rathaus,"D 6, 3",68159,49.489292,8.46731,Comedy,Klapsmühl' am Rathaus,20:00,undefiniert,Es gibt leider keine Kurzbeschreibung,https://www.eventfinder.de/veranstaltung/1746445/kabarett-dusche-alles-bleibt-anders-mannheim,https://image.shutterstock.com/image-photo/concept-image-business-acronym-eod-260nw-332349266.jpg,Eventfinder
17/02/2022,Mannheim,Capitol Mannheim,Waldhofstraße 2a,68169,49.497581,8.472683,Comedy,Capitol Mannheim,20:00,undefiniert,Es gibt leider keine Kurzbeschreibung,https://www.eventfinder.de/veranstaltung/1634687/gerd-dudenhoeffer-spielt-heinz-becker-mannheim,https://image.shutterstock.com/image-photo/concept-image-business-acronym-eod-260nw-332349266.jpg,Eventfinder
17/02/2022,Mannheim,Museum Zeughaus,C5,68159,49.487976,8.46131,Freizeit,Museum Zeughaus,10:00,undefiniert,"
Nach erfolgreicher Tour in den USA kommt die Sensationsausstellung endlich wieder nach Deutschland zurück. Der original- und maßstabsgetreue Nachbau der Grabkammern des Tutanchamun macht den Moment der Entdeckung hautnah erlebb...
",https://www.eventfinder.de/veranstaltung/1517446/tutanchamun-mannheim,https://www.eventfinder.de/bilder/to_images/tutanchamun-tickets-2021.jpg,Eventfinder
18/02/2022,Mannheim,Museum Zeughaus,C5,68159,49.487976,8.46131,Freizeit,Museum Zeughaus,10:00,undefiniert,"
Nach erfolgreicher Tour in den USA kommt die Sensationsausstellung endlich wieder nach Deutschland zurück. Der original- und maßstabsgetreue Nachbau der Grabkammern des Tutanchamun macht den Moment der Entdeckung hautnah erlebb...
",https://www.eventfinder.de/veranstaltung/1517454/tutanchamun-mannheim,https://www.eventfinder.de/bilder/to_images/tutanchamun-tickets-2021.jpg,Eventfinder
18/02/2022,Mannheim,Klapsmühl' am Rathaus,"D 6, 3",68159,49.489292,8.46731,Comedy,Klapsmühl' am Rathaus,20:00,undefiniert,Es gibt leider keine Kurzbeschreibung,https://www.eventfinder.de/veranstaltung/1746447/kabarett-dusche-alles-bleibt-anders-mannheim,https://image.shutterstock.com/image-photo/concept-image-business-acronym-eod-260nw-332349266.jpg,Eventfinder
18/02/2022,Mannheim,SCHATZKISTL Das Musik-Kabarett,Augustaanlage 4 - 8,68165,49.482632,8.478374,Comedy,SCHATZKISTL Das Musik-Kabarett,20:00,undefiniert,"
me|schug|ge (hebr.-jidd.) ugs. für verrückt. Das steht zumindest im Duden. Falls Sie sich jetzt fragen, wer oder was denn verrückt ist – kleiner Tipp: Schalten Sie mal die Nachrichten ein. Oder fahren Sie mit dem Zug, laufen Si...
",https://www.eventfinder.de/veranstaltung/1269273/frank-fischer-mannheim,https://www.eventfinder.de/bilder/to_images/frank-fischer-tickets-2018-222x222.jpg,Eventfinder
18/02/2022,Heidelberg,Marguerre-Saal,Theaterstr. 10,69117,49.410515,8.703363,Theater,Marguerre-Saal,19:30,undefiniert,"
Zu dieser Veranstaltung ist leider keine Beschreibung vorhanden :(
",https://www.eventfinder.de/veranstaltung/1999001/villa-abendsonne-heidelberg,https://www.eventfinder.de/bilder/to_images/theater-heidelberg-logo-tickets-2020.jpg,Eventfinder
18/02/2022,Mannheim,Frau Riesling® - Weinseminare,Augartenstr. 24,68165,49.479683,8.479097,Seminar,Frau Riesling® - Weinseminare,19:00,undefiniert,"
Ihr wollt schon immer mehr über die berühmten ""Rotwein Heros"" Cabernet Sauvignon, Merlot & Co. erfahren? In diesem Seminar erhaltet ihr fundiertes Wissen über die Anbaugebiete, Rebsorten, Unterschiede und vieles mehr.
",https://www.eventfinder.de/veranstaltung/1988183/die-rotwein-heros-weinseminar-mannheim,https://www.eventfinder.de/bilder/thumb_29674.jpg,Eventfinder
18/02/2022,Schwetzingen,Welde Brauhaus,Mannheimer Straße 2,68723,49.385025,8.57449,Unterhaltungsshow,Welde Brauhaus,19:00,undefiniert,"
Bei unserem Comedy-Krimidinner steht der Spaßfaktor ganz oben auf der Speisekarte. Durch eine Mischung aus Schauspiel, Witz und Gaumenfreuden erwartet Sie als Gäste ein Dinnererlebnis der Extraklasse. Doch aufgepasst: strapazie...
",https://www.eventfinder.de/veranstaltung/1729999/das-kriminal-comedy-dinner-schwetzingen,https://www.eventfinder.de/bilder/to_images/das-kriminal-dinner-tickets_36031_330405_222x222.jpg,Eventfinder
18/02/2022,Bensheim,Schorsch Alm & Alm Garten,Marktplatz 1,64625,49.681057,8.622907,Freizeit,Schorsch Alm &amp; Alm Garten,18:00,undefiniert,"
Herzlich Willkommen zu unserem Fondue Abend in der schönen Schorsch Alm im Herzen Bensheims.
Eure Auswahl des Fondue Menüs könnt Ihr am Abend vor Ort treffen. Im Vordergrund steht an diesem Abend das Schweizer Käse Fondue
Das ...
",https://www.eventfinder.de/veranstaltung/2030649/2erlei-fondue-schorschalm-bensheim,https://www.eventfinder.de/bilder/to_images/fondue-abend-schorsch-alm-tickets-2021-222x222.jpg,Eventfinder
18/02/2022,Heidelberg,Zwinger 3,Zwingerstraße 3-5,69117,49.410664,8.709245,Theater,Zwinger 3,11:30,undefiniert,"
Zu dieser Veranstaltung ist leider keine Beschreibung vorhanden :(
",https://www.eventfinder.de/veranstaltung/2011080/schimmerndes-wasser-heidelberg,https://www.eventfinder.de/bilder/to_images/theater-heidelberg-logo-tickets-2020.jpg,Eventfinder
18/02/2022,Heidelberg,Zwinger 3,Zwingerstraße 3-5,69117,49.410664,8.709245,Theater,Zwinger 3,09:15,undefiniert,"
Zu dieser Veranstaltung ist leider keine Beschreibung vorhanden :(
",https://www.eventfinder.de/veranstaltung/2011081/schimmerndes-wasser-heidelberg,https://www.eventfinder.de/bilder/to_images/theater-heidelberg-logo-tickets-2020.jpg,Eventfinder
19/02/2022,Heidelberg,Kulturhaus Karlstorbahnhof,Am Karlstor 1,69117,49.414696,8.719133,Konzert,Kulturhaus Karlstorbahnhof,21:00,undefiniert,Es gibt leider keine Kurzbeschreibung,https://www.eventfinder.de/veranstaltung/1989748/alex-mayr-heidelberg,https://image.shutterstock.com/image-photo/concept-image-business-acronym-eod-260nw-332349266.jpg,Eventfinder
19/02/2022,Mannheim,Capitol Mannheim,Waldhofstraße 2a,68169,49.497581,8.472683,Musical,Capitol Mannheim,20:00,undefiniert,"
Er war eine Figur, die Mannheim auf viele Weise geprägt hat: Peter Schäfer, der „Blumepeter“. Mit ihrem Witz, ihrem Durchsetzungswillen und in ihrer Tragik. Der körperlich und geistig behinderte, kleinwüchsige Peter kommt mit s...
",https://www.eventfinder.de/veranstaltung/1958261/blume-peter-mannheim,https://www.eventfinder.de/bilder/to_images/blume-peter-tickets_56333_540317_222x222.jpg,Eventfinder
19/02/2022,Mannheim,Klapsmühl' am Rathaus,"D 6, 3",68159,49.489292,8.46731,Comedy,Klapsmühl' am Rathaus,20:00,undefiniert,Es gibt leider keine Kurzbeschreibung,https://www.eventfinder.de/veranstaltung/1746462/kabarett-dusche-alles-bleibt-anders-mannheim,https://image.shutterstock.com/image-photo/concept-image-business-acronym-eod-260nw-332349266.jpg,Eventfinder
19/02/2022,Mannheim,Alte Feuerwache,Brückenstr. 2,68167,49.495762,8.474243,Konzert,Alte Feuerwache,20:00,undefiniert,Es gibt leider keine Kurzbeschreibung,https://www.eventfinder.de/veranstaltung/1664641/fink-mannheim,https://image.shutterstock.com/image-photo/concept-image-business-acronym-eod-260nw-332349266.jpg,Eventfinder
19/02/2022,Mannheim,Rosengarten Mozartsaal,Am Rosengartenplatz 2,68161,49.48518,8.477575,Konzert,Rosengarten Mozartsaal,20:00,undefiniert,"
Bonnie Tyler
80s ICON BONNIE TYLER CELEBRATES 70th BIRTHDAY
“Ich habe so viel in meinem Leben erlebt, natürlich bin ich 69. Aber in meinem Kopf bin ich noch in meinen Vierzigern.”
- Bonnie Tyler
Am 8. Juni 2021 hatte ...
",https://www.eventfinder.de/veranstaltung/1635274/bonnie-tyler-live-2022-mannheim,https://www.eventfinder.de/bilder/to_images/bonnie-tyler-70-tickets-2021.jpg,Eventfinder
19/02/2022,Mannheim,7er Club,Industriestraße 7,68169,49.505596,8.459448,Konzert,7er Club,20:00,undefiniert,"
Zu dieser Veranstaltung ist leider keine Beschreibung vorhanden :(
",https://www.eventfinder.de/veranstaltung/1621070/moetley-gaeng-mannheim,https://www.eventfinder.de/bilder/to_images/moetley-gaeng-moetley-cruee-tribute-tickets-2020-222x222.jpg,Eventfinder
19/02/2022,Mannheim,SCHATZKISTL Das Musik-Kabarett,Augustaanlage 4 - 8,68165,49.482632,8.478374,Comedy,SCHATZKISTL Das Musik-Kabarett,20:00,undefiniert,"
In einer Zeit, in der sich die Menschen selbst fotografieren, in der Ängste wachsen und Ablenkung immer größer geschrieben wird, spiele ICH eigentlich noch eine Rolle in MEINEM Leben und im großen Ganzen? Uli Masuth ist ein fan...
",https://www.eventfinder.de/veranstaltung/1491703/uli-masuth-mannheim,https://www.eventfinder.de/bilder/to_images/uli-masuth-tickets-2020-222x222.jpg,Eventfinder
19/02/2022,Mannheim,Capitol Casino,Waldhofstr. 2,68169,49.497349,8.472652,Comedy,Capitol Casino,20:00,undefiniert,"
Benni Stark „Stark am Limit“ Der bekennende Dänemarkfan und Fashionexperte Benni Stark ist am Limit - STARK am Limit! Denn 13 Jahre im Einzelhandel haben ihre Spuren hinterlassen - und es gibt noch immer so viele ungeklärte...
",https://www.eventfinder.de/veranstaltung/1396326/benni-stark-mannheim,https://www.eventfinder.de/bilder/to_images/benni-stark-tickets_42251_395288_222x222.jpg,Eventfinder
19/02/2022,Heidelberg,Marguerre-Saal,Theaterstr. 10,69117,49.410515,8.703363,Theater,Marguerre-Saal,19:30,undefiniert,"
Zu dieser Veranstaltung ist leider keine Beschreibung vorhanden :(
",https://www.eventfinder.de/veranstaltung/2011035/tartuffe-heidelberg,https://www.eventfinder.de/bilder/to_images/tartuffe-heidelberg-tickets-2021.jpg,Eventfinder
19/02/2022,Bensheim,Schorsch Alm & Alm Garten,Marktplatz 1,64625,49.681057,8.622907,Freizeit,Schorsch Alm &amp; Alm Garten,18:00,undefiniert,"
Herzlich Willkommen zu unserem Fondue Abend in der schönen Schorsch Alm im Herzen Bensheims.
Eure Auswahl des Fondue Menüs könnt Ihr am Abend vor Ort treffen. Im Vordergrund steht an diesem Abend das Schweizer Käse Fondue
Das ...
",https://www.eventfinder.de/veranstaltung/2031652/fondue-schorschalm-bensheim,https://www.eventfinder.de/bilder/to_images/fondue-abend-schorsch-alm-tickets-2021-222x222.jpg,Eventfinder
19/02/2022,Mannheim,Museum Zeughaus,C5,68159,49.487976,8.46131,Freizeit,Museum Zeughaus,10:00,undefiniert,"
Nach erfolgreicher Tour in den USA kommt die Sensationsausstellung endlich wieder nach Deutschland zurück. Der original- und maßstabsgetreue Nachbau der Grabkammern des Tutanchamun macht den Moment der Entdeckung hautnah erlebb...
",https://www.eventfinder.de/veranstaltung/1517430/tutanchamun-mannheim,https://www.eventfinder.de/bilder/to_images/tutanchamun-tickets-2021.jpg,Eventfinder
20/02/2022,Heidelberg,Zwinger 3,Zwingerstraße 3-5,69117,49.410664,8.709245,Theater,Zwinger 3,15:00,undefiniert,Es gibt leider keine Kurzbeschreibung,https://www.eventfinder.de/veranstaltung/2011034/kraehe-und-baer-heidelberg,https://image.shutterstock.com/image-photo/concept-image-business-acronym-eod-260nw-332349266.jpg,Eventfinder
20/02/2022,Heidelberg,Zwinger 1,Zwingerstraße 3-5,69117,49.410664,8.709245,Theater,Zwinger 1,20:00,undefiniert,"
Zu dieser Veranstaltung ist leider keine Beschreibung vorhanden :(
",https://www.eventfinder.de/veranstaltung/2010130/draussen-vor-der-tuer-heidelberg,https://www.eventfinder.de/bilder/to_images/theater-heidelberg-logo-tickets-2020.jpg,Eventfinder
20/02/2022,Heidelberg,Kulturhaus Karlstorbahnhof,Am Karlstor 1,69117,49.414696,8.719133,Sonstige,Kulturhaus Karlstorbahnhof,20:00,undefiniert,"
Keine Panik?! Das sehen die beiden Physiker Dr. Nicolas Wöhrl und Dr. Reinhard Remfort, bekannt aus dem Kultpodcast „Methodisch inkorrekt!“, ganz anders. Überall lauern die Gefahren: Kometen, Naturgewalten, der menschgemachte K...
",https://www.eventfinder.de/veranstaltung/1482289/methodisch-inkorrekt-2-0-heidelberg,https://www.eventfinder.de/bilder/to_images/methodisch-inkorrekt-2.0-tickets_45388_430670_222x222.jpg,Eventfinder
20/02/2022,Heidelberg,Marguerre-Saal,Theaterstr. 10,69117,49.410515,8.703363,Theater,Marguerre-Saal,19:00,undefiniert,"
Zu dieser Veranstaltung ist leider keine Beschreibung vorhanden :(
",https://www.eventfinder.de/veranstaltung/1995193/zungenschlag-heidelberg,https://www.eventfinder.de/bilder/to_images/theater-heidelberg-logo-tickets-2020.jpg,Eventfinder
20/02/2022,Mannheim,Capitol Casino,Waldhofstr. 2,68169,49.497349,8.472652,Konzert,Capitol Casino,19:00,undefiniert,Es gibt leider keine Kurzbeschreibung,https://www.eventfinder.de/veranstaltung/1989217/sascha-im-quadrat-mannheim,https://image.shutterstock.com/image-photo/concept-image-business-acronym-eod-260nw-332349266.jpg,Eventfinder
20/02/2022,Mannheim,Rosengarten Mozartsaal,Am Rosengartenplatz 2,68161,49.48518,8.477575,Konzert,Rosengarten Mozartsaal,19:00,undefiniert,"
2,6 Millionen Konzertbesucher, 1.200 Konzerte, 31 Länder, fünf Shows pro Woche: GREGORIAN haben mit ihren Tourneen in den vergangen 22 Jahren neue Maßstäbe gesetzt und sind eine der erfolgreichsten deutschen Show-Produktionen i...
",https://www.eventfinder.de/veranstaltung/1680446/gregorian-live-2022-das-beste-aus-ueber-20-jahren-mannheim,https://www.eventfinder.de/bilder/to_images/gregorian-tickets-2021.jpg,Eventfinder
20/02/2022,Mannheim,Klapsmühl' am Rathaus,"D 6, 3",68159,49.489292,8.46731,Comedy,Klapsmühl' am Rathaus,18:00,undefiniert,"
Erinnern Sie sich an den herrlichen Satz „Der ist bei der Sitte“? Kein ernstzunehmender Krimi kam früher ohne sie aus: die Sitte. Ein beherzt verlebter Polizist in Zivil, der zur Lösung eines Falles nicht das Geringste beitrug,...
",https://www.eventfinder.de/veranstaltung/1748398/mathias-tretter-mannheim,https://www.eventfinder.de/bilder/to_images/mathias-tretter---sittenstrolch-tickets_50727_491636_222x222.jpg,Eventfinder
20/02/2022,Heidelberg,Synagoge Heidelberg,Häusserstraße 12,69115,49.404453,8.690077,Lesung,Synagoge Heidelberg,17:00,undefiniert,"
Die Gedichte von Selma Merbaum, Rose Ausländer, Hilde Domin und Paul Celan bilden das Gerüst für eine kleine Kulturgeschichte der heute ukrainischen Stadt Czernowitz in den dunklen Jahren des Holocaust – eine emotionale Hommage...
",https://www.eventfinder.de/veranstaltung/1997393/es-blueht-hinter-uns-her-heidelberg,https://www.eventfinder.de/bilder/to_images/es-blueht-hinter-uns-her-tickets-2021-222x222.jpg,Eventfinder
20/02/2022,Mannheim,SCHATZKISTL Das Musik-Kabarett,Augustaanlage 4 - 8,68165,49.482632,8.478374,Comedy,SCHATZKISTL Das Musik-Kabarett,17:00,undefiniert,"
Zu dieser Veranstaltung ist leider keine Beschreibung vorhanden :(
",https://www.eventfinder.de/veranstaltung/1936198/madeleine-sauveur-mannheim,https://www.eventfinder.de/bilder/to_images/madeleine-sauveur---lassen-sie-mich-durch--ich-bin-oma-tickets_56214_539548_222x222.jpg,Eventfinder
20/02/2022,Mannheim,Museum Zeughaus,C5,68159,49.487976,8.46131,Freizeit,Museum Zeughaus,10:00,undefiniert,"
Nach erfolgreicher Tour in den USA kommt die Sensationsausstellung endlich wieder nach Deutschland zurück. Der original- und maßstabsgetreue Nachbau der Grabkammern des Tutanchamun macht den Moment der Entdeckung hautnah erlebb...
",https://www.eventfinder.de/veranstaltung/1517468/tutanchamun-mannheim,https://www.eventfinder.de/bilder/to_images/tutanchamun-tickets-2021.jpg,Eventfinder
21/02/2022,Heidelberg,Marguerre-Saal,Theaterstr. 10,69117,49.410515,8.703363,Theater,Marguerre-Saal,19:30,undefiniert,"
Zu dieser Veranstaltung ist leider keine Beschreibung vorhanden :(
",https://www.eventfinder.de/veranstaltung/1998430/tartuffe-heidelberg,https://www.eventfinder.de/bilder/to_images/tartuffe-heidelberg-tickets-2021.jpg,Eventfinder
21/02/2022,Heidelberg,Zwinger 3,Zwingerstraße 3-5,69117,49.410664,8.709245,Theater,Zwinger 3,11:30,undefiniert,Es gibt leider keine Kurzbeschreibung,https://www.eventfinder.de/veranstaltung/2011032/kraehe-und-baer-heidelberg,https://image.shutterstock.com/image-photo/concept-image-business-acronym-eod-260nw-332349266.jpg,Eventfinder
21/02/2022,Heidelberg,Zwinger 3,Zwingerstraße 3-5,69117,49.410664,8.709245,Theater,Zwinger 3,09:30,undefiniert,Es gibt leider keine Kurzbeschreibung,https://www.eventfinder.de/veranstaltung/2011030/kraehe-und-baer-heidelberg,https://image.shutterstock.com/image-photo/concept-image-business-acronym-eod-260nw-332349266.jpg,Eventfinder
22/02/2022,Heidelberg,DAI Heidelberg,Sofienstr. 12,69115,49.407784,8.693927,Vortrag,DAI Heidelberg,20:00,undefiniert,Es gibt leider keine Kurzbeschreibung,https://www.eventfinder.de/veranstaltung/2014859/gerd-gigerenzer-heidelberg,https://image.shutterstock.com/image-photo/concept-image-business-acronym-eod-260nw-332349266.jpg,Eventfinder
22/02/2022,Weinheim,Stadthalle Weinheim,Birkenauer Talstraße 1,69469,49.555302,8.670607,Konzert,Stadthalle Weinheim,20:00,undefiniert,"
Zu dieser Veranstaltung ist leider keine Beschreibung vorhanden :(
",https://www.eventfinder.de/veranstaltung/1625428/olli-schulz-weinheim,https://www.eventfinder.de/bilder/to_images/olli-schulz-tickets-2020.jpg,Eventfinder
22/02/2022,Heidelberg,Marguerre-Saal,Theaterstr. 10,69117,49.410515,8.703363,Theater,Marguerre-Saal,19:30,undefiniert,"
Zu dieser Veranstaltung ist leider keine Beschreibung vorhanden :(
",https://www.eventfinder.de/veranstaltung/1999002/villa-abendsonne-heidelberg,https://www.eventfinder.de/bilder/to_images/theater-heidelberg-logo-tickets-2020.jpg,Eventfinder
22/02/2022,Mannheim,Museum Zeughaus,C5,68159,49.487976,8.46131,Freizeit,Museum Zeughaus,10:00,undefiniert,"
Nach erfolgreicher Tour in den USA kommt die Sensationsausstellung endlich wieder nach Deutschland zurück. Der original- und maßstabsgetreue Nachbau der Grabkammern des Tutanchamun macht den Moment der Entdeckung hautnah erlebb...
",https://www.eventfinder.de/veranstaltung/1517442/tutanchamun-mannheim,https://www.eventfinder.de/bilder/to_images/tutanchamun-tickets-2021.jpg,Eventfinder
23/02/2022,Heidelberg,Zwinger 1,Zwingerstraße 3-5,69117,49.410664,8.709245,Theater,Zwinger 1,20:00,undefiniert,"
Zu dieser Veranstaltung ist leider keine Beschreibung vorhanden :(
",https://www.eventfinder.de/veranstaltung/2011083/restworld-heidelberg,https://www.eventfinder.de/bilder/to_images/theater-heidelberg-logo-tickets-2020.jpg,Eventfinder
23/02/2022,Mannheim,Rosengarten Mozartsaal,Am Rosengartenplatz 2,68161,49.48518,8.477575,Konzert,Rosengarten Mozartsaal,20:00,undefiniert,"
Zu dieser Veranstaltung ist leider keine Beschreibung vorhanden :(
",https://www.eventfinder.de/veranstaltung/2023882/jan-lisiecki-mannheim,https://www.eventfinder.de/bilder/to_images/jan-lisiecki--klavier-tickets_56130_538844_222x222.jpg,Eventfinder
23/02/2022,Heidelberg,Neue Aula der Universität Heidelberg,Universitätsplatz,69117,49.411072,8.706344,Konzert,Neue Aula der Universität Heidelberg,20:00,undefiniert,"
Zu dieser Veranstaltung ist leider keine Beschreibung vorhanden :(
",https://www.eventfinder.de/veranstaltung/1998882/4-philharmonisches-konzert-heidelberg,https://www.eventfinder.de/bilder/to_images/theater-heidelberg-logo-tickets-2020.jpg,Eventfinder
23/02/2022,Weinheim,Cafe Central Weinheim,Bahnhofstraße 19,69469,49.551468,8.668025,Konzert,Cafe Central Weinheim,19:30,undefiniert,"
CD-Release-Tour einer der erfolgreichsten rumänischen Metalbands!
Bucovina spielen sehr melodischen Pagan Metal. Vergleichbar mit Heidevolk setzen sie auf zweistimmigen Klargesang, seltener auch gutturalem Gesang. Die Texte b...
",https://www.eventfinder.de/veranstaltung/1631197/bucovina-weinheim,https://www.eventfinder.de/bilder/to_images/bucovina-und-vorna-tickets-2020-222x222.jpg,Eventfinder
23/02/2022,Viernheim,Rhein-Neckar Zentrum,Bürgermeister-Neff-Straße 14,68519,49.526531,8.56854,Freizeit,Rhein-Neckar Zentrum,10:00,undefiniert,"
Die eindrucksvolle und imposante Ausstellung über die Terrakotta-Armee des großen Kaisers Qin Shi Huang Di mit den originalgetreuen Repliken der legendären Soldaten vermittelt den Besuchern spannende und emotionale Eindrücke au...
",https://www.eventfinder.de/veranstaltung/1962311/die-terrakottaarmee-amp-das-vermaechtnis-des-ewigen-kaisers-viernheim,https://www.eventfinder.de/bilder/to_images/das-vermaechtnis-des-ewigen-kaisers-tickets-2020-222x222.jpg,Eventfinder
23/02/2022,Mannheim,Museum Zeughaus,C5,68159,49.487976,8.46131,Freizeit,Museum Zeughaus,10:00,undefiniert,"
Nach erfolgreicher Tour in den USA kommt die Sensationsausstellung endlich wieder nach Deutschland zurück. Der original- und maßstabsgetreue Nachbau der Grabkammern des Tutanchamun macht den Moment der Entdeckung hautnah erlebb...
",https://www.eventfinder.de/veranstaltung/1517434/tutanchamun-mannheim,https://www.eventfinder.de/bilder/to_images/tutanchamun-tickets-2021.jpg,Eventfinder
24/02/2022,Heidelberg,DAI Heidelberg,Sofienstr. 12,69115,49.407784,8.693927,Lesung,DAI Heidelberg,20:00,undefiniert,Es gibt leider keine Kurzbeschreibung,https://www.eventfinder.de/veranstaltung/2014861/nicola-gess-heidelberg,https://image.shutterstock.com/image-photo/concept-image-business-acronym-eod-260nw-332349266.jpg,Eventfinder
24/02/2022,Heidelberg,Zwinger 1,Zwingerstraße 3-5,69117,49.410664,8.709245,Theater,Zwinger 1,20:00,undefiniert,"
Zu dieser Veranstaltung ist leider keine Beschreibung vorhanden :(
",https://www.eventfinder.de/veranstaltung/2011082/restworld-heidelberg,https://www.eventfinder.de/bilder/to_images/theater-heidelberg-logo-tickets-2020.jpg,Eventfinder
24/02/2022,Heidelberg,Neue Aula der Universität Heidelberg,Universitätsplatz,69117,49.411072,8.706344,Konzert,Neue Aula der Universität Heidelberg,20:00,undefiniert,"
Zu dieser Veranstaltung ist leider keine Beschreibung vorhanden :(
",https://www.eventfinder.de/veranstaltung/1998881/4-philharmonisches-konzert-heidelberg,https://www.eventfinder.de/bilder/to_images/theater-heidelberg-logo-tickets-2020.jpg,Eventfinder
24/02/2022,Mannheim,Klapsmühl' am Rathaus,"D 6, 3",68159,49.489292,8.46731,Kleinkunst,Klapsmühl' am Rathaus,20:00,undefiniert,Es gibt leider keine Kurzbeschreibung,https://www.eventfinder.de/veranstaltung/1748131/josefin-loessl-mannheim,https://image.shutterstock.com/image-photo/concept-image-business-acronym-eod-260nw-332349266.jpg,Eventfinder
24/02/2022,Mannheim,Museum Zeughaus,C5,68159,49.487976,8.46131,Freizeit,Museum Zeughaus,10:00,undefiniert,"
Nach erfolgreicher Tour in den USA kommt die Sensationsausstellung endlich wieder nach Deutschland zurück. Der original- und maßstabsgetreue Nachbau der Grabkammern des Tutanchamun macht den Moment der Entdeckung hautnah erlebb...
",https://www.eventfinder.de/veranstaltung/1517458/tutanchamun-mannheim,https://www.eventfinder.de/bilder/to_images/tutanchamun-tickets-2021.jpg,Eventfinder
25/02/2022,Bensheim,Musiktheater REX,Fabrikstr. 10,64625,49.675613,8.617203,Konzert,Musiktheater REX,20:30,undefiniert,"
Die Vollblutmusiker der Rodgau Monotones , die von sich selbst sagen, sie seien „ein unzerstörbarer Anachronismus“, und die nach wie vor einer der besten hessischen Live Acts sind, feierten 2018 bereits ihr 40-jähriges Bestehe...
",https://www.eventfinder.de/veranstaltung/2025358/rodgau-monotones-bensheim,https://www.eventfinder.de/bilder/to_images/rodgau-monotones-tickets-2019-222x222.jpg,Eventfinder
25/02/2022,Heidelberg,DAI Heidelberg,Sofienstr. 12,69115,49.407784,8.693927,Konzert,DAI Heidelberg,20:00,undefiniert,Es gibt leider keine Kurzbeschreibung,https://www.eventfinder.de/veranstaltung/2014863/rock-poetry-bob-dylan-heidelberg,https://image.shutterstock.com/image-photo/concept-image-business-acronym-eod-260nw-332349266.jpg,Eventfinder
25/02/2022,Heidelberg,Zwinger 1,Zwingerstraße 3-5,69117,49.410664,8.709245,Theater,Zwinger 1,20:00,undefiniert,"
Zu dieser Veranstaltung ist leider keine Beschreibung vorhanden :(
",https://www.eventfinder.de/veranstaltung/2011065/oleanna-heidelberg,https://www.eventfinder.de/bilder/to_images/theater-heidelberg-logo-tickets-2020.jpg,Eventfinder
25/02/2022,Heidelberg,Alter Saal,Theaterstr. 10,69117,49.410515,8.703363,Theater,Alter Saal,20:00,undefiniert,"
Zu dieser Veranstaltung ist leider keine Beschreibung vorhanden :(
",https://www.eventfinder.de/veranstaltung/1999010/tschechows-kitschgarten-heidelberg,https://www.eventfinder.de/bilder/to_images/theater-heidelberg-logo-tickets-2020.jpg,Eventfinder
25/02/2022,Mannheim,7er Club,Industriestraße 7,68169,49.505596,8.459448,Konzert,7er Club,20:00,undefiniert,Es gibt leider keine Kurzbeschreibung,https://www.eventfinder.de/veranstaltung/1997429/mother-mannheim,https://image.shutterstock.com/image-photo/concept-image-business-acronym-eod-260nw-332349266.jpg,Eventfinder
25/02/2022,Mannheim,Klapsmühl' am Rathaus,"D 6, 3",68159,49.489292,8.46731,Kleinkunst,Klapsmühl' am Rathaus,20:00,undefiniert,Es gibt leider keine Kurzbeschreibung,https://www.eventfinder.de/veranstaltung/1748133/josefin-loessl-mannheim,https://image.shutterstock.com/image-photo/concept-image-business-acronym-eod-260nw-332349266.jpg,Eventfinder
25/02/2022,Mannheim,SCHATZKISTL Das Musik-Kabarett,Augustaanlage 4 - 8,68165,49.482632,8.478374,Comedy,SCHATZKISTL Das Musik-Kabarett,20:00,undefiniert,"
Spätzle, Sex und Dolce Vita – mein Leben zwischen Amore und Kehrwoch In seinem Bühnenprogramm begibt sich Roberto Capitoni auf die Suche nach seinen Wurzeln und letztlich nach sich selbst. Dabei fragt er sich mit zunehmen...
",https://www.eventfinder.de/veranstaltung/1290317/roberto-capitoni-mannheim,https://www.eventfinder.de/bilder/to_images/roberto-capitoni--spaetzle--sex-und-dolce-vita-tickets_40421_373853_222x222.jpg,Eventfinder
25/02/2022,Heidelberg,Leonardo Hotel Heidelberg,Pleikartsförster Straße 101,69124,49.387047,8.661128,Unterhaltungsshow,Leonardo Hotel Heidelberg,19:00,undefiniert,"
Die Championship des Jahres 1966 des schottischen Anglervereins ""Stillwater"" am Loch Lommond sollten sie sich auf keinen Fall entgehen lassen! Denn der Sieger qualifiziert sich nicht nur für die Scottish National Fishing Champi...
",https://www.eventfinder.de/veranstaltung/2029367/krimidinner-heidelberg,https://www.eventfinder.de/bilder/to_images/krimidinner---mord-an-der-angel-tickets_74664_703873_222x222.jpg,Eventfinder
25/02/2022,Mannheim,Museum Zeughaus,C5,68159,49.487976,8.46131,Freizeit,Museum Zeughaus,10:00,undefiniert,"
Nach erfolgreicher Tour in den USA kommt die Sensationsausstellung endlich wieder nach Deutschland zurück. Der original- und maßstabsgetreue Nachbau der Grabkammern des Tutanchamun macht den Moment der Entdeckung hautnah erlebb...
",https://www.eventfinder.de/veranstaltung/1517450/tutanchamun-mannheim,https://www.eventfinder.de/bilder/to_images/tutanchamun-tickets-2021.jpg,Eventfinder
26/02/2022,Heidelberg,Zwinger 1,Zwingerstraße 3-5,69117,49.410664,8.709245,Theater,Zwinger 1,20:00,undefiniert,"
Zu dieser Veranstaltung ist leider keine Beschreibung vorhanden :(
",https://www.eventfinder.de/veranstaltung/2011066/oleanna-heidelberg,https://www.eventfinder.de/bilder/to_images/theater-heidelberg-logo-tickets-2020.jpg,Eventfinder
26/02/2022,Mannheim,Klapsmühl' am Rathaus,"D 6, 3",68159,49.489292,8.46731,Kleinkunst,Klapsmühl' am Rathaus,20:00,undefiniert,Es gibt leider keine Kurzbeschreibung,https://www.eventfinder.de/veranstaltung/1748132/josefin-loessl-mannheim,https://image.shutterstock.com/image-photo/concept-image-business-acronym-eod-260nw-332349266.jpg,Eventfinder
26/02/2022,Mannheim,SCHATZKISTL Das Musik-Kabarett,Augustaanlage 4 - 8,68165,49.482632,8.478374,Comedy,SCHATZKISTL Das Musik-Kabarett,20:00,undefiniert,Es gibt leider keine Kurzbeschreibung,https://www.eventfinder.de/veranstaltung/1715224/ehe-im-lockdown-mannheim,https://image.shutterstock.com/image-photo/concept-image-business-acronym-eod-260nw-332349266.jpg,Eventfinder
26/02/2022,Heidelberg,Marguerre-Saal,Theaterstr. 10,69117,49.410515,8.703363,Theater,Marguerre-Saal,19:30,undefiniert,"
Zu dieser Veranstaltung ist leider keine Beschreibung vorhanden :(
",https://www.eventfinder.de/veranstaltung/1999003/villa-abendsonne-heidelberg,https://www.eventfinder.de/bilder/to_images/theater-heidelberg-logo-tickets-2020.jpg,Eventfinder
26/02/2022,Mannheim,Museum Zeughaus,C5,68159,49.487976,8.46131,Freizeit,Museum Zeughaus,10:00,undefiniert,"
Nach erfolgreicher Tour in den USA kommt die Sensationsausstellung endlich wieder nach Deutschland zurück. Der original- und maßstabsgetreue Nachbau der Grabkammern des Tutanchamun macht den Moment der Entdeckung hautnah erlebb...
",https://www.eventfinder.de/veranstaltung/1517438/tutanchamun-mannheim,https://www.eventfinder.de/bilder/to_images/tutanchamun-tickets-2021.jpg,Eventfinder
27/02/2022,Heidelberg,Alter Saal,Theaterstr. 10,69117,49.410515,8.703363,Theater,Alter Saal,20:00,undefiniert,"
Zu dieser Veranstaltung ist leider keine Beschreibung vorhanden :(
",https://www.eventfinder.de/veranstaltung/1999011/tschechows-kitschgarten-heidelberg,https://www.eventfinder.de/bilder/to_images/theater-heidelberg-logo-tickets-2020.jpg,Eventfinder
27/02/2022,Heidelberg,Marguerre-Saal,Theaterstr. 10,69117,49.410515,8.703363,Musical,Marguerre-Saal,19:30,undefiniert,"
Zu dieser Veranstaltung ist leider keine Beschreibung vorhanden :(
",https://www.eventfinder.de/veranstaltung/1998126/the-turn-of-the-screw-heidelberg,https://www.eventfinder.de/bilder/to_images/turn-heidelberg-tickets-2021.jpg,Eventfinder
27/02/2022,Mannheim,Klapsmühl' am Rathaus,"D 6, 3",68159,49.489292,8.46731,Kleinkunst,Klapsmühl' am Rathaus,18:00,undefiniert,Es gibt leider keine Kurzbeschreibung,https://www.eventfinder.de/veranstaltung/1748134/josefin-loessl-mannheim,https://image.shutterstock.com/image-photo/concept-image-business-acronym-eod-260nw-332349266.jpg,Eventfinder
27/02/2022,Mannheim,SCHATZKISTL Das Musik-Kabarett,Augustaanlage 4 - 8,68165,49.482632,8.478374,Comedy,SCHATZKISTL Das Musik-Kabarett,17:00,undefiniert,"
Zu dieser Veranstaltung ist leider keine Beschreibung vorhanden :(
",https://www.eventfinder.de/veranstaltung/1491666/kaettl-feierdaach-mannheim,https://www.eventfinder.de/bilder/to_images/kaettl-feierdaach-tickets_51069_495195_222x222.jpg,Eventfinder
27/02/2022,Mannheim,SCHATZKISTL Das Musik-Kabarett,Augustaanlage 4 - 8,68165,49.482632,8.478374,Kleinkunst,SCHATZKISTL Das Musik-Kabarett,11:11,undefiniert,Es gibt leider keine Kurzbeschreibung,https://www.eventfinder.de/veranstaltung/1957875/kindertheater-mannheim,https://image.shutterstock.com/image-photo/concept-image-business-acronym-eod-260nw-332349266.jpg,Eventfinder
27/02/2022,Heidelberg,Neue Aula der Universität Heidelberg,Universitätsplatz,69117,49.411072,8.706344,Konzert,Neue Aula der Universität Heidelberg,11:00,undefiniert,"
Zu dieser Veranstaltung ist leider keine Beschreibung vorhanden :(
",https://www.eventfinder.de/veranstaltung/1998880/4-philharmonisches-konzert-heidelberg,https://www.eventfinder.de/bilder/to_images/theater-heidelberg-logo-tickets-2020.jpg,Eventfinder
27/02/2022,Mannheim,Museum Zeughaus,C5,68159,49.487976,8.46131,Freizeit,Museum Zeughaus,10:00,undefiniert,"
Nach erfolgreicher Tour in den USA kommt die Sensationsausstellung endlich wieder nach Deutschland zurück. Der original- und maßstabsgetreue Nachbau der Grabkammern des Tutanchamun macht den Moment der Entdeckung hautnah erlebb...
",https://www.eventfinder.de/veranstaltung/1517444/tutanchamun-mannheim,https://www.eventfinder.de/bilder/to_images/tutanchamun-tickets-2021.jpg,Eventfinder
01/03/2022,Mannheim,MS Connexion Complex,Angelstraße 33,68199,49.44907,8.496213,Konzert,MS Connexion Complex,19:30,undefiniert,"
Zu dieser Veranstaltung ist leider keine Beschreibung vorhanden :(
",https://www.eventfinder.de/veranstaltung/1515064/dool-amp-secrets-of-the-moon-mannheim,https://www.eventfinder.de/bilder/to_images/dool-und-secrets-of-the-moon-tickets-2020-222x222.jpg,Eventfinder
02/03/2022,Heidelberg,Alter Saal,Theaterstr. 10,69117,49.410515,8.703363,Theater,Alter Saal,20:00,undefiniert,"
Zu dieser Veranstaltung ist leider keine Beschreibung vorhanden :(
",https://www.eventfinder.de/veranstaltung/1999008/tschechows-kitschgarten-heidelberg,https://www.eventfinder.de/bilder/to_images/theater-heidelberg-logo-tickets-2020.jpg,Eventfinder
02/03/2022,Heidelberg,halle02,Zollhofgarten 2,69115,49.401703,8.672512,Comedy,halle02,20:00,undefiniert,"
„NEXT LEVEL“ Pressetexte haben immer sowas marktschreierisches. „Seht her! Ich bin der Geilste! Guckt mal wie viele Preise ich gewonnen habe (zwölf) und bei wie vielen Comedy-Sendungen ich zu Gast war (allen)! Du musst unbed...
",https://www.eventfinder.de/veranstaltung/1984083/maxi-gstettenbauer-heidelberg,https://www.eventfinder.de/bilder/to_images/maxi-gstettenbauer---next-level-tickets_47332_451983_222x222.jpg,Eventfinder
02/03/2022,Mannheim,Klapsmühl' am Rathaus,"D 6, 3",68159,49.489292,8.46731,Comedy,Klapsmühl' am Rathaus,20:00,undefiniert,Es gibt leider keine Kurzbeschreibung,https://www.eventfinder.de/veranstaltung/1748453/reiner-kroehnert-mannheim,https://image.shutterstock.com/image-photo/concept-image-business-acronym-eod-260nw-332349266.jpg,Eventfinder
02/03/2022,Mannheim,Rosengarten Mozartsaal,Am Rosengartenplatz 2,68161,49.48518,8.477575,Konzert,Rosengarten Mozartsaal,20:00,undefiniert,"
Sein Blick, seine Stimme, sein legendärer Hüftschwung – Elvis Presley gilt mit einer Milliarde verkaufter Tonträger als der erfolgreichste Solokünstler aller Zeiten. Das Musical, das selbstverständlich seinen Namen trägt, lässt...
",https://www.eventfinder.de/veranstaltung/1340948/elvis-mannheim,https://www.eventfinder.de/bilder/to_images/elvis-das-musical-tickets-2019.jpg,Eventfinder
02/03/2022,Heidelberg,halle02,Zollhofgarten 2,69115,49.401703,8.672512,Comedy,halle02,19:30,undefiniert,"
„Ich erzähle, Du lachst“. Klingt einfach, ist es aber nicht. Es sei denn, man heißt Maxi Gstettenbauer, kam als überzeugter Digital Native in Niederbayern zur Welt, lebt in Köln und bekennt sich dazu, „lieber Maxi als normal“ z...
",https://www.eventfinder.de/veranstaltung/1620983/maxi-gstettenbauer-heidelberg,https://www.eventfinder.de/bilder/to_images/maxi-gstettenbauer-tickets_34803_314473_222x222.jpg,Eventfinder
02/03/2022,Viernheim,Rhein-Neckar Zentrum,Bürgermeister-Neff-Straße 14,68519,49.526531,8.56854,Freizeit,Rhein-Neckar Zentrum,10:00,undefiniert,"
Die eindrucksvolle und imposante Ausstellung über die Terrakotta-Armee des großen Kaisers Qin Shi Huang Di mit den originalgetreuen Repliken der legendären Soldaten vermittelt den Besuchern spannende und emotionale Eindrücke au...
",https://www.eventfinder.de/veranstaltung/2023907/die-terrakottaarmee-amp-das-vermaechtnis-des-ewigen-kaisers-viernheim,https://www.eventfinder.de/bilder/to_images/das-vermaechtnis-des-ewigen-kaisers-tickets-2020-222x222.jpg,Eventfinder
03/03/2022,Mannheim,Klapsmühl' am Rathaus,"D 6, 3",68159,49.489292,8.46731,Comedy,Klapsmühl' am Rathaus,20:00,undefiniert,"
Allein unter Geiern! Seit Jahren ist La Signora in Sachen Unterhaltung auf den morschen Brettern, die die Welt bedeuten, unterwegs. Ob auf einem toten Esel zum Erfolg oder mit einem lahmen Gaul durchs Leben, La Signora ist für...
",https://www.eventfinder.de/veranstaltung/1949882/la-signora-mannheim,https://www.eventfinder.de/bilder/to_images/carmela-de-feo--allein-unter-geiern--tickets_46692_444936_222x222.jpg,Eventfinder
03/03/2022,Heidelberg,Zwinger 1,Zwingerstraße 3-5,69117,49.410664,8.709245,Theater,Zwinger 1,20:00,undefiniert,"
Zu dieser Veranstaltung ist leider keine Beschreibung vorhanden :(
",https://www.eventfinder.de/veranstaltung/2025302/draussen-vor-der-tuer-heidelberg,https://www.eventfinder.de/bilder/to_images/theater-heidelberg-logo-tickets-2020.jpg,Eventfinder
03/03/2022,Weinheim,Cafe Central Weinheim,Bahnhofstraße 19,69469,49.551468,8.668025,Konzert,Cafe Central Weinheim,20:00,undefiniert,"
Nach dem sensationellen Erfolg des vorletzten Albums ""INDIAN CAMEL"" und der CD/DVD BOX „IT WAS 50 YEARS AGO TODAY"" mit allen Platten, WDR Rockpalast Konzerten, Auftritten bei den Burg Herzberg Festivals, Outtakes von unveröffen...
",https://www.eventfinder.de/veranstaltung/1979803/broeselmaschine-weinheim,https://www.eventfinder.de/bilder/to_images/broeselmaschine-tickets_54647_528960_222x222.jpg,Eventfinder
03/03/2022,Mannheim,SCHATZKISTL Das Musik-Kabarett,Augustaanlage 4 - 8,68165,49.482632,8.478374,Theater,SCHATZKISTL Das Musik-Kabarett,20:00,undefiniert,"
Zu dieser Veranstaltung ist leider keine Beschreibung vorhanden :(
",https://www.eventfinder.de/veranstaltung/1949869/achterbahn-mannheim,https://www.eventfinder.de/bilder/to_images/achterbahn---eine-bewegte-beziehungskomoedie-tickets_35006_318617_222x222.jpg,Eventfinder
03/03/2022,Mannheim,Capitol Casino,Waldhofstr. 2,68169,49.497349,8.472652,Comedy,Capitol Casino,20:00,undefiniert,"
Der Gewinner des SWR3 Förderpreises sowie des Hamburger Comedy Pokals tourt
mit seinem neuen Stand-up Programm „Radikal witzig“ durch die Republik.
Amjad schafft es, seine persönlichen Erfahrungen auf eine brillante Weise humor...
",https://www.eventfinder.de/veranstaltung/1456178/amjad-mannheim,https://www.eventfinder.de/bilder/to_images/amjad-radikal-witzig-tickets-2020.jpg,Eventfinder
03/03/2022,Mannheim,Capitol Mannheim,Waldhofstraße 2a,68169,49.497581,8.472683,Comedy,Capitol Mannheim,20:00,undefiniert,"
Die Politik hat uns verraten, die Industrie verkauft, Mutter Natur wirft uns aus dem Paradies. Es ist Zeit, dem letzten integren Menschen der Welt zu vertrauen: einem Kabarettisten!
Wohin entwickelt sich unsere Gesellschaf...
",https://www.eventfinder.de/veranstaltung/1317220/sebastian-pufpaff-mannheim,https://www.eventfinder.de/bilder/to_images/sebastian-pufpaff-tickets-2018.jpg,Eventfinder
03/03/2022,Mannheim,Rosengarten Mozartsaal,Am Rosengartenplatz 2,68161,49.48518,8.477575,Konzert,Rosengarten Mozartsaal,19:30,undefiniert,"
Musik aus „Harry Potter"", „Fluch der Karibik"", „Star Wars"", „The Dark Knight"", „Schindlers Liste"", „Gladiator“, „Jurassic Park"", „Der König der Löwen"" u.v.a. Selbst in Hollywood wird Soundtrack-Spezialisten nicht viel Zeit ein...
",https://www.eventfinder.de/veranstaltung/1681433/the-sound-of-hans-zimmer-amp-john-williams-mannheim,https://www.eventfinder.de/bilder/to_images/the-sound-of-hans-zimmer---john-williams-tickets_53686_522432_222x222.jpg,Eventfinder
03/03/2022,Mannheim,Frau Riesling® - Weinseminare,Augartenstr. 24,68165,49.479683,8.479097,Seminar,Frau Riesling® - Weinseminare,19:00,undefiniert,"
Taucht mit mir in die faszinierende Weinwelt der berühmten Stars ein. Unsere Weinreise führt uns dabei zu erlesenen Weinen, spannenden Rebsorten und internationalen Weindestinationen.
",https://www.eventfinder.de/veranstaltung/2022826/celebrity-amp-wine-weine-beruehmter-stars-mannheim,https://www.eventfinder.de/bilder/thumb_49819.jpg,Eventfinder
04/03/2022,Weinheim,Cafe Central Weinheim,Bahnhofstraße 19,69469,49.551468,8.668025,Konzert,Cafe Central Weinheim,21:00,undefiniert,Es gibt leider keine Kurzbeschreibung,https://www.eventfinder.de/veranstaltung/2017441/gringo-mayer-amp-band-dj-markus-babbel-weinheim,https://image.shutterstock.com/image-photo/concept-image-business-acronym-eod-260nw-332349266.jpg,Eventfinder
04/03/2022,Mannheim,7er Club,Industriestraße 7,68169,49.505596,8.459448,Konzert,7er Club,21:00,undefiniert,"
Four Imaginary Boys - The Music of THE CURE
Spricht man von The Cure, denkt man an die unverwechselbare und unnachahmliche Stimme von Robert Smith. Imitation oder gar Parodie verbieten sich, nur gut, dass es sich beim Frontma...
",https://www.eventfinder.de/veranstaltung/1466882/four-imaginary-boys-mannheim,https://www.eventfinder.de/bilder/to_images/four-imaginary-boys-the-cure-tribute-tickets-2020-222x222.jpg,Eventfinder
04/03/2022,Bensheim,Musiktheater REX,Fabrikstr. 10,64625,49.675613,8.617203,Konzert,Musiktheater REX,20:30,undefiniert,Es gibt leider keine Kurzbeschreibung,https://www.eventfinder.de/veranstaltung/1519010/thorbjoern-risager-amp-the-black-tornado-bensheim,https://image.shutterstock.com/image-photo/concept-image-business-acronym-eod-260nw-332349266.jpg,Eventfinder
04/03/2022,Heidelberg,Alter Saal,Theaterstr. 10,69117,49.410515,8.703363,Theater,Alter Saal,20:00,undefiniert,"
Zu dieser Veranstaltung ist leider keine Beschreibung vorhanden :(
",https://www.eventfinder.de/veranstaltung/1999042/oedipus-heidelberg,https://www.eventfinder.de/bilder/to_images/theater-heidelberg-logo-tickets-2020.jpg,Eventfinder
04/03/2022,Mannheim,Klapsmühl' am Rathaus,"D 6, 3",68159,49.489292,8.46731,Comedy,Klapsmühl' am Rathaus,20:00,undefiniert,Es gibt leider keine Kurzbeschreibung,https://www.eventfinder.de/veranstaltung/1746460/kabarett-dusche-alles-bleibt-anders-mannheim,https://image.shutterstock.com/image-photo/concept-image-business-acronym-eod-260nw-332349266.jpg,Eventfinder
04/03/2022,Mannheim,Rosengarten Mozartsaal,Am Rosengartenplatz 2,68161,49.48518,8.477575,Unterhaltungsshow,Rosengarten Mozartsaal,20:00,undefiniert,"
Mit den Original-Filmszenen des Welterfolges von 2012 The Music of Les Misérables Das Meisterwerk von Boublil/Schönberg auf konzertanter Europa-Tournee Solisten, Sänger und Musiker der Cinema Festival Symphonics Künstlerische ...
",https://www.eventfinder.de/veranstaltung/1686885/the-music-of-les-miserables-mannheim,https://www.eventfinder.de/bilder/to_images/the-music-of-les-miserables-tickets-2021.jpg,Eventfinder
04/03/2022,Worms Pfeddersheim,TSG-Halle,Weinbrunnenstraße 4,67551,49.635654,8.273876,Konzert,TSG-Halle,20:00,undefiniert,"
In einer famosen Live-Inszenierung bietet die Band eine wunderbare
musikalische Reise durch die Hits der erfolgreichsten Phase von Pink Floyd:
von „Meddle“ (1971) u¨ber „Dark Side of The Moon“ (1973), „Wish You
Were Here“, „Ani...
",https://www.eventfinder.de/veranstaltung/1473579/kings-of-floyd-worms-pfeddersheim,https://www.eventfinder.de/bilder/to_images/kings-of-floyd-tickets-2020.jpg,Eventfinder
04/03/2022,Mannheim,SCHATZKISTL Das Musik-Kabarett,Augustaanlage 4 - 8,68165,49.482632,8.478374,Comedy,SCHATZKISTL Das Musik-Kabarett,20:00,undefiniert,"
Zu dieser Veranstaltung ist leider keine Beschreibung vorhanden :(
",https://www.eventfinder.de/veranstaltung/1310354/grupo-de-encontro-mannheim,https://www.eventfinder.de/bilder/to_images/grupo-de-encontro---brasilianischer-hinterhof-samba---hautnah-tickets_40420_373867_222x222.jpg,Eventfinder
04/03/2022,Mannheim,Capitol Mannheim,Waldhofstraße 2a,68169,49.497581,8.472683,Comedy,Capitol Mannheim,20:00,undefiniert,"
Der Amerikaner Rob Becker schrieb mit CAVEMAN das erfolgreichste Solo-Stück in der Geschichte des Broadways. Nachdem CAVEMAN in den Vereinigten Staaten von einem Millionen-Publikum bejubelt wurde, feiert der moderne Höhlenmann ...
",https://www.eventfinder.de/veranstaltung/1309694/caveman-mannheim,https://www.eventfinder.de/bilder/to_images/caveman-tickets_35733_327521_222x222.jpg,Eventfinder
04/03/2022,Heidelberg,Restaurant ‘S’ Kastanie,Elisabethenweg 1,69117,49.412922,8.723922,Freizeit,Restaurant ‘S’ Kastanie,19:00,undefiniert,"
Man sagt ja: „Am Ende war es immer der Gärtner.“ Vergessen Sie den Mann mit dem grünen Daumen – bei unserem Krimidinner sind die Mordfälle wesentlich spannender und die Motive undurchsichtig bis zum Schluss. Je später der Abend...
",https://www.eventfinder.de/veranstaltung/1952837/das-kriminal-dinner-heidelberg,https://www.eventfinder.de/bilder/to_images/das-kriminal-dinner-tickets_36031_330405_222x222.jpg,Eventfinder
04/03/2022,Heidelberg,Hotel zum Ritter,Hauptstraße 178,69117,49.411629,8.709283,Freizeit,Hotel zum Ritter,19:00,undefiniert,"
Man sagt ja: „Am Ende war es immer der Gärtner.“ Vergessen Sie den Mann mit dem grünen Daumen – bei unserem Krimidinner sind die Mordfälle wesentlich spannender und die Motive undurchsichtig bis zum Schluss. Je später der Abend...
",https://www.eventfinder.de/veranstaltung/1742607/das-kriminal-dinner-heidelberg,https://www.eventfinder.de/bilder/to_images/das-kriminal-dinner-tickets_36031_330405_222x222.jpg,Eventfinder
04/03/2022,Leimen,Zauberhaftes Landgut Lingental,Lingentaler Hof 2-10,69181,49.353775,8.723908,Unterhaltungsshow,Zauberhaftes Landgut Lingental,19:00,undefiniert,"
Bei unserem Comedy-Krimidinner steht der Spaßfaktor ganz oben auf der Speisekarte. Durch eine Mischung aus Schauspiel, Witz und Gaumenfreuden erwartet Sie als Gäste ein Dinnererlebnis der Extraklasse. Doch aufgepasst: strapazie...
",https://www.eventfinder.de/veranstaltung/1662846/das-kriminal-comedy-dinner-leimen,https://www.eventfinder.de/bilder/to_images/das-kriminal-dinner-tickets_36031_330405_222x222.jpg,Eventfinder
05/03/2022,Mannheim,Capitol Mannheim,Waldhofstraße 2a,68169,49.497581,8.472683,Comedy,Capitol Mannheim,20:00,undefiniert,"
Der Amerikaner Rob Becker schrieb mit CAVEMAN das erfolgreichste Solo-Stück in der Geschichte des Broadways. Nachdem CAVEMAN in den Vereinigten Staaten von einem Millionen-Publikum bejubelt wurde, feiert der moderne Höhlenmann ...
",https://www.eventfinder.de/veranstaltung/1309695/caveman-mannheim,https://www.eventfinder.de/bilder/to_images/caveman-tickets_35733_327521_222x222.jpg,Eventfinder
05/03/2022,Bensheim,Musiktheater REX,Fabrikstr. 10,64625,49.675613,8.617203,Konzert,Musiktheater REX,20:30,undefiniert,"
Forgotten Sons - Marillion Tribute
Die Forgotten Sons haben sich unter Marillion Fans einen guten Ruf erspielt, wobei sich die Musiker ganz auf die Ära mit Fish konzentrieren. Im Mittelpunkt des Konzerts steht das ""Misplaced...
",https://www.eventfinder.de/veranstaltung/1632153/forgotten-sons-bensheim,https://www.eventfinder.de/bilder/to_images/forgotten-sons-tickets-2021-222x222.jpg,Eventfinder
05/03/2022,Mannheim,SCHATZKISTL Das Musik-Kabarett,Augustaanlage 4 - 8,68165,49.482632,8.478374,Comedy,SCHATZKISTL Das Musik-Kabarett,20:00,undefiniert,"
Zu dieser Veranstaltung ist leider keine Beschreibung vorhanden :(
",https://www.eventfinder.de/veranstaltung/1989486/fraeulein-susi-s-singvergnuegen-mannheim,https://www.eventfinder.de/bilder/to_images/fraeulein-susi-s-singvergnuegen-tickets_51071_495169_222x222.jpg,Eventfinder
05/03/2022,Mannheim,Klapsmühl' am Rathaus,"D 6, 3",68159,49.489292,8.46731,Comedy,Klapsmühl' am Rathaus,20:00,undefiniert,Es gibt leider keine Kurzbeschreibung,https://www.eventfinder.de/veranstaltung/1746461/kabarett-dusche-alles-bleibt-anders-mannheim,https://image.shutterstock.com/image-photo/concept-image-business-acronym-eod-260nw-332349266.jpg,Eventfinder
05/03/2022,Mannheim,Rosengarten Musensaal,Am Rosengartenplatz 2,68161,49.48518,8.477575,Unterhaltungsshow,Rosengarten Musensaal,20:00,undefiniert,"
The Music of Harry Potter
Das magische Musik-Erlebnis Live in Concert
Solisten, Sänger und Musiker der Cinema Festival Symphonics
Spektakuläre Licht- und Leinwand-Animation
Seit 20 Jahren ziehen die „Harry Potter“-F...
",https://www.eventfinder.de/veranstaltung/1625535/the-music-of-harry-potter-mannheim,https://www.eventfinder.de/bilder/to_images/the-music-of-harry-potter-tickets_50810_492605_222x222.jpg,Eventfinder
05/03/2022,Mannheim,SCHATZKISTL Das Musik-Kabarett,Augustaanlage 4 - 8,68165,49.482632,8.478374,Lesung,SCHATZKISTL Das Musik-Kabarett,20:00,undefiniert,"
Zu dieser Veranstaltung ist leider keine Beschreibung vorhanden :(
",https://www.eventfinder.de/veranstaltung/1494523/alte-liebe-mannheim,https://www.eventfinder.de/bilder/to_images/alte-liebe-tickets_51050_495083_222x222.jpg,Eventfinder
05/03/2022,Heidelberg,Marguerre-Saal,Theaterstr. 10,69117,49.410515,8.703363,Tanz,Marguerre-Saal,19:30,undefiniert,"
Zu dieser Veranstaltung ist leider keine Beschreibung vorhanden :(
",https://www.eventfinder.de/veranstaltung/1999012/firebird-amp-rite-of-spring-heidelberg,https://www.eventfinder.de/bilder/to_images/theater-heidelberg-logo-tickets-2020.jpg,Eventfinder
05/03/2022,Mannheim,Zum Krautwickel,Mallaustr. 101,68219,49.451366,8.523589,Unterhaltungsshow,Zum Krautwickel,19:30,undefiniert,Es gibt leider keine Kurzbeschreibung,https://www.eventfinder.de/veranstaltung/1960582/travestie-show-mit-joy-paradice-mannheim,https://image.shutterstock.com/image-photo/concept-image-business-acronym-eod-260nw-332349266.jpg,Eventfinder
05/03/2022,Mannheim,Zum Krautwickel,Mallaustr. 101,68219,49.451366,8.523589,Unterhaltungsshow,Zum Krautwickel,19:00,undefiniert,"
Die wohl bekannteste Travestie Truppe Deutschland. 4 auserlesene Künstler aus den bekanntesten Travestie Theater Hamburg Berlin Italien werden Sie an diesem Abend bezaubern und Ihnen die Nacht der tollen Illusionen verführen! M...
",https://www.eventfinder.de/veranstaltung/2000118/karussel-der-travestie-show-joy-paradice-mannheim,https://www.eventfinder.de/bilder/to_images/travestie-show-joy-paradice-tickets-2021-222x222.jpg,Eventfinder
06/03/2022,Mannheim,Rosengarten Mozartsaal,Am Rosengartenplatz 2,68161,49.48518,8.477575,Unterhaltungsshow,Rosengarten Mozartsaal,20:00,undefiniert,"
The Simon & Garfunkel Story Songs wie „The Sound of Silence“, „Bridge over Troubled Water“ oder „Mrs. Robinson“ wurden zum Soundtrack einer ganzen Generation. Als liebevolle Hommage bringt The Simon & Garfunkel Story diese...
",https://www.eventfinder.de/veranstaltung/1377784/the-simon-amp-garfunkel-story-mannheim,https://www.eventfinder.de/bilder/to_images/the-simon-garfunkel-story-tickets-112019.jpg,Eventfinder
06/03/2022,Heidelberg,Marguerre-Saal,Theaterstr. 10,69117,49.410515,8.703363,Theater,Marguerre-Saal,19:30,undefiniert,"
Zu dieser Veranstaltung ist leider keine Beschreibung vorhanden :(
",https://www.eventfinder.de/veranstaltung/2011008/der-gott-des-gemetzels-heidelberg,https://www.eventfinder.de/bilder/to_images/theater-heidelberg-logo-tickets-2020.jpg,Eventfinder
06/03/2022,Ludwigshafen am Rhein,Kulturzentrum das Haus,Bahnhofstraße 30,67059,49.482086,8.442554,Konzert,Kulturzentrum das Haus,19:00,undefiniert,"
Zu dieser Veranstaltung ist leider keine Beschreibung vorhanden :(
",https://www.eventfinder.de/veranstaltung/1686976/maeckes-amp-die-katastrophen-ludwigshafen-am-rhein,https://www.eventfinder.de/bilder/to_images/maeckes-katastrophen-tickets-2021.jpg,Eventfinder
06/03/2022,Mannheim,Capitol Mannheim,Waldhofstraße 2a,68169,49.497581,8.472683,Comedy,Capitol Mannheim,19:00,undefiniert,"
Der Amerikaner Rob Becker schrieb mit CAVEMAN das erfolgreichste Solo-Stück in der Geschichte des Broadways. Nachdem CAVEMAN in den Vereinigten Staaten von einem Millionen-Publikum bejubelt wurde, feiert der moderne Höhlenmann ...
",https://www.eventfinder.de/veranstaltung/1309696/caveman-mannheim,https://www.eventfinder.de/bilder/to_images/caveman-tickets_35733_327521_222x222.jpg,Eventfinder
06/03/2022,Mannheim,Leonardo Royal Hotel Mannheim,Augustaanlage 4-8,68165,49.482632,8.478374,Unterhaltungsshow,Leonardo Royal Hotel Mannheim,18:00,undefiniert,"
Seit dem fulminanten Sieg auf Royal Ascot in 1965 auf Satan, dem Rennpferd ihres verstorbenen Erbonkels Adrian Tilling, hat Cora Tilling eine gewisse Berühmtheit erlangt, die sie auf unzählige Titelblätter und Klatschseiten div...
",https://www.eventfinder.de/veranstaltung/2029332/krimidinner-mannheim,https://www.eventfinder.de/bilder/to_images/krimidinner---geburtstag-des-grauens-praesentiert-von-world-of-dinner-tickets_51564_500919_222x222.jpg,Eventfinder
06/03/2022,Mannheim,Klapsmühl' am Rathaus,"D 6, 3",68159,49.489292,8.46731,Comedy,Klapsmühl' am Rathaus,18:00,undefiniert,Es gibt leider keine Kurzbeschreibung,https://www.eventfinder.de/veranstaltung/1746463/kabarett-dusche-alles-bleibt-anders-mannheim,https://image.shutterstock.com/image-photo/concept-image-business-acronym-eod-260nw-332349266.jpg,Eventfinder
06/03/2022,Mannheim,SCHATZKISTL Das Musik-Kabarett,Augustaanlage 4 - 8,68165,49.482632,8.478374,Comedy,SCHATZKISTL Das Musik-Kabarett,17:00,undefiniert,"
Zu dieser Veranstaltung ist leider keine Beschreibung vorhanden :(
",https://www.eventfinder.de/veranstaltung/1957236/hans-hermann-thielke-mannheim,https://www.eventfinder.de/bilder/to_images/hans-hermann-thielke-tickets_51058_495070_222x222.jpg,Eventfinder
06/03/2022,Heppenheim,Saalbau-Kino Heppenheim,Wilhelmstraße 38,64646,49.641068,8.641902,Theater,Saalbau-Kino Heppenheim,16:00,undefiniert,"
Antonia und Wiwaldi in den Jahreszeiten
Eine lustig-poetische Spritztour mit Musik von Antonio Vivaldi
Altersempfehlung : ab 4 Jahren Pudel Wiwaldi hat sich beim Schlittenfahren die Pfoten
gebrochen. „Rumrennen strengstens ve...
",https://www.eventfinder.de/veranstaltung/1989963/antonia-und-wiwaldi-in-den-jahreszeiten-heppenheim,https://www.eventfinder.de/bilder/to_images/antonia-und-wiwaldi-in-den-jahreszeiten-tickets_74465_702074_222x222.jpg,Eventfinder
06/03/2022,Heidelberg,Zwinger 3,Zwingerstraße 3-5,69117,49.410664,8.709245,Theater,Zwinger 3,15:00,undefiniert,"
Zu dieser Veranstaltung ist leider keine Beschreibung vorhanden :(
",https://www.eventfinder.de/veranstaltung/2026367/angst-oder-hase-heidelberg,https://www.eventfinder.de/bilder/to_images/theater-heidelberg-logo-tickets-2020.jpg,Eventfinder
06/03/2022,Heidelberg,Marguerre-Saal,Theaterstr. 10,69117,49.410515,8.703363,Theater,Marguerre-Saal,15:00,undefiniert,"
Zu dieser Veranstaltung ist leider keine Beschreibung vorhanden :(
",https://www.eventfinder.de/veranstaltung/1998487/der-gott-des-gemetzels-heidelberg,https://www.eventfinder.de/bilder/to_images/theater-heidelberg-logo-tickets-2020.jpg,Eventfinder
06/03/2022,Mannheim,Casablanca,Waldhofstraße,68169,49.504406,8.469923,Sonstige,Casablanca,11:00,undefiniert,Es gibt leider keine Kurzbeschreibung,https://www.eventfinder.de/veranstaltung/1989398/die-dumme-augustine-mannheim,https://image.shutterstock.com/image-photo/concept-image-business-acronym-eod-260nw-332349266.jpg,Eventfinder
07/03/2022,Heidelberg,Alter Saal,Theaterstr. 10,69117,49.410515,8.703363,Theater,Alter Saal,20:00,undefiniert,"
Zu dieser Veranstaltung ist leider keine Beschreibung vorhanden :(
",https://www.eventfinder.de/veranstaltung/1999043/oedipus-heidelberg,https://www.eventfinder.de/bilder/to_images/theater-heidelberg-logo-tickets-2020.jpg,Eventfinder
07/03/2022,Mannheim,7er Club,Industriestraße 7,68169,49.505596,8.459448,Konzert,7er Club,20:00,undefiniert,Es gibt leider keine Kurzbeschreibung,https://www.eventfinder.de/veranstaltung/1979735/bloodbound-mannheim,https://image.shutterstock.com/image-photo/concept-image-business-acronym-eod-260nw-332349266.jpg,Eventfinder
07/03/2022,Heidelberg,Marguerre-Saal,Theaterstr. 10,69117,49.410515,8.703363,Tanz,Marguerre-Saal,19:30,undefiniert,"
Zu dieser Veranstaltung ist leider keine Beschreibung vorhanden :(
",https://www.eventfinder.de/veranstaltung/1999013/firebird-amp-rite-of-spring-heidelberg,https://www.eventfinder.de/bilder/to_images/theater-heidelberg-logo-tickets-2020.jpg,Eventfinder
08/03/2022,Heidelberg,Alte Aula der Universität Heidelberg,Grabengasse 1,69117,49.411301,8.706222,Sonstige,Alte Aula der Universität Heidelberg,19:30,undefiniert,Es gibt leider keine Kurzbeschreibung,https://www.eventfinder.de/veranstaltung/1988335/andrei-gologan-heidelberg,https://image.shutterstock.com/image-photo/concept-image-business-acronym-eod-260nw-332349266.jpg,Eventfinder
